City_ID,City,Country,Date,Lat,Lng,Max Temp,Humidity,Cloudiness,Wind Speed
0,Cervo,ES,2020-05-23 00:22:20,43.67,-7.41,59.0,1,88,5.01
1,New Norfolk,AU,2020-05-23 00:22:20,-42.78,147.06,46.0,92,48,2.33
2,Kita,ML,2020-05-23 00:22:20,13.03,-9.49,91.0,22,50,2.48
3,Ust-Nera,RU,2020-05-23 00:22:20,64.57,143.2,42.13,63,96,4.94
4,Amapa,BR,2020-05-23 00:22:20,1.0,-52.0,73.8,97,86,2.44
5,Port Elizabeth,ZA,2020-05-23 00:25:32,-33.92,25.57,55.4,100,30,6.93
6,Mataura,NZ,2020-05-23 00:25:33,-46.19,168.86,52.56,73,11,3.42
7,Porbandar,IN,2020-05-23 00:22:21,21.64,69.61,81.79,83,0,11.77
8,Sterling,US,2020-05-23 00:22:21,39.01,-77.43,70.0,77,75,4.7
9,Zhaodong,CN,2020-05-23 00:25:33,46.08,125.98,57.2,93,75,4.47
10,Jurm,AF,2020-05-23 00:25:33,36.86,70.83,57.07,56,11,1.34
11,Lebu,CL,2020-05-23 00:25:34,-37.62,-73.65,51.1,72,81,8.48
12,Hobart,AU,2020-05-23 00:25:34,-42.88,147.33,48.0,81,75,10.29
13,Hermanus,ZA,2020-05-23 00:22:22,-34.42,19.23,55.99,80,3,5.01
14,East London,ZA,2020-05-23 00:25:34,-33.02,27.91,67.15,61,0,12.5
15,Hilo,US,2020-05-23 00:22:23,19.73,-155.09,80.6,57,90,3.36
16,Mount Isa,AU,2020-05-23 00:22:23,-20.73,139.5,53.6,54,2,16.11
17,Punta Arenas,CL,2020-05-23 00:22:23,-53.15,-70.92,46.4,81,75,12.75
18,Alekseyevsk,RU,2020-05-23 00:22:23,57.84,108.35,63.79,41,0,3.06
19,Dikson,RU,2020-05-23 00:22:24,73.51,80.55,38.16,100,100,3.29
20,Vaini,TO,2020-05-23 00:22:24,-21.2,-175.2,78.8,69,20,8.05
21,Zhenlai,CN,2020-05-23 00:22:24,45.85,123.3,57.0,67,100,3.0
22,Airai,TL,2020-05-23 00:22:24,-8.93,125.41,64.94,100,84,2.71
23,Muros,ES,2020-05-23 00:22:24,42.78,-9.06,57.99,84,28,1.01
24,Yellowknife,CA,2020-05-23 00:22:25,62.46,-114.35,53.6,46,75,12.75
25,Oshogbo,NG,2020-05-23 00:22:25,7.77,4.57,73.11,98,98,4.88
26,Pangai,TO,2020-05-23 00:22:25,-19.8,-174.35,80.6,65,75,8.05
27,Petropavl,KZ,2020-05-23 00:22:25,54.88,69.16,55.4,87,100,8.95
28,Komatipoort,ZA,2020-05-23 00:22:26,-25.43,31.95,54.0,93,0,2.68
29,Half Moon Bay,US,2020-05-23 00:20:30,37.46,-122.43,73.99,71,1,18.34
30,Ushuaia,AR,2020-05-23 00:22:27,-54.8,-68.3,48.2,61,90,11.41
31,Omboue,GA,2020-05-23 00:22:27,-1.57,9.26,78.33,90,31,4.72
32,Rikitea,PF,2020-05-23 00:22:27,-23.12,-134.97,71.04,67,94,20.18
33,Swan Hill,AU,2020-05-23 00:22:28,-35.34,143.55,53.65,75,47,9.44
34,College,US,2020-05-23 00:22:28,64.86,-147.8,66.99,31,90,5.82
35,Beringovskiy,RU,2020-05-23 00:22:28,63.05,179.32,32.59,97,100,13.38
36,Samarai,PG,2020-05-23 00:22:29,-10.62,150.67,81.63,82,87,9.57
37,Aleksandrov Gay,RU,2020-05-23 00:22:29,50.15,48.57,52.61,95,99,8.66
38,Cape Town,ZA,2020-05-23 00:20:18,-33.93,18.42,55.4,82,56,8.05
39,Ahipara,NZ,2020-05-23 00:22:29,-35.17,173.17,62.74,52,100,4.05
40,Albany,US,2020-05-23 00:22:25,42.6,-73.97,78.01,55,51,3.22
41,Dumas,US,2020-05-23 00:22:29,35.87,-101.97,88.0,15,1,10.29
42,Qaanaaq,GL,2020-05-23 00:22:30,77.48,-69.36,30.11,89,0,1.77
43,Saint-Philippe,RE,2020-05-23 00:22:30,-21.36,55.77,69.8,68,45,8.05
44,Little Current,CA,2020-05-23 00:22:30,45.98,-81.92,68.0,49,1,3.36
45,Merzifon,TR,2020-05-23 00:22:30,40.87,35.46,42.8,87,75,5.82
46,Panjab,AF,2020-05-23 00:22:30,34.39,67.02,46.17,55,74,3.56
47,Kalmunai,LK,2020-05-23 00:22:30,7.42,81.82,80.83,83,39,6.96
48,Flinders,AU,2020-05-23 00:18:38,-34.58,150.86,62.01,65,56,5.99
49,Kapaa,US,2020-05-23 00:22:31,22.08,-159.32,82.0,69,40,14.99
50,Marsa Matruh,EG,2020-05-23 00:22:31,31.35,27.25,68.0,72,40,6.93
51,Mar Del Plata,AR,2020-05-23 00:18:27,-38.0,-57.56,55.0,81,20,11.41
52,Port Hardy,CA,2020-05-23 00:22:31,50.7,-127.42,53.6,71,75,13.87
53,Ostrovnoy,RU,2020-05-23 00:22:32,68.05,39.51,30.85,95,0,6.93
54,Ouadda,CF,2020-05-23 00:22:32,8.08,22.4,69.01,90,82,2.26
55,Norman Wells,CA,2020-05-23 00:22:32,65.28,-126.83,62.6,66,40,11.41
56,Pimentel,PE,2020-05-23 00:22:32,-6.84,-79.93,65.48,82,45,12.59
57,Colquechaca,BO,2020-05-23 00:22:32,-18.67,-66.02,33.35,70,68,3.2
58,Salamiyah,SY,2020-05-23 00:22:33,35.01,37.05,65.43,75,97,25.72
59,Valky,UA,2020-05-23 00:22:33,49.84,35.62,36.66,95,7,6.33
60,Dzialdowo,PL,2020-05-23 00:22:33,53.24,20.17,40.77,82,60,4.23
61,Hofn,IS,2020-05-23 00:22:33,64.25,-15.21,46.15,71,100,23.8
62,Debre Tabor,ET,2020-05-23 00:22:34,11.85,38.02,55.42,93,100,2.15
63,Mbalmayo,CM,2020-05-23 00:22:34,3.52,11.5,71.6,100,75,4.7
64,Kodiak,US,2020-05-23 00:22:34,57.79,-152.41,48.2,81,75,5.82
65,Port Alfred,ZA,2020-05-23 00:22:34,-33.59,26.89,62.01,94,17,4.0
66,Sitka,US,2020-05-23 00:22:35,57.05,-135.33,50.0,76,90,13.87
67,Busselton,AU,2020-05-23 00:22:35,-33.65,115.33,55.0,48,92,12.68
68,Rocha,UY,2020-05-23 00:22:35,-34.48,-54.33,59.83,73,100,21.07
69,Havre-Saint-Pierre,CA,2020-05-23 00:22:35,50.23,-63.6,41.0,32,20,14.99
70,Upernavik,GL,2020-05-23 00:22:35,72.79,-56.15,29.64,97,1,9.01
71,Butaritari,KI,2020-05-23 00:22:36,3.07,172.79,82.78,81,4,13.02
72,Manokwari,ID,2020-05-23 00:22:36,-0.87,134.08,84.7,69,93,2.98
73,Torbay,CA,2020-05-23 00:22:36,47.67,-52.73,37.99,80,75,8.05
74,Tateyama,JP,2020-05-23 00:22:36,34.98,139.87,66.0,100,75,6.93
75,Barentu,ER,2020-05-23 00:22:36,15.11,37.59,82.47,44,5,1.48
76,Mehran,IR,2020-05-23 00:22:37,33.12,46.16,66.2,24,0,4.7
77,Zapolyarnyy,RU,2020-05-23 00:22:37,69.42,30.81,41.0,56,47,21.92
78,Sergeyevka,KZ,2020-05-23 00:22:37,53.88,67.42,57.72,94,99,12.46
79,Naguelguel,PH,2020-05-23 00:22:37,16.01,120.26,84.25,77,99,4.45
80,Pijijiapan,MX,2020-05-23 00:22:37,15.7,-93.23,85.77,63,5,5.5
81,Ulverstone,AU,2020-05-23 00:21:48,-41.15,146.17,45.0,95,0,3.33
82,Thompson,CA,2020-05-23 00:22:38,55.74,-97.86,44.6,81,90,5.82
83,Sinnar,SD,2020-05-23 00:22:38,13.57,33.57,86.32,51,35,18.59
84,Jamestown,US,2020-05-23 00:22:38,42.1,-79.24,63.0,93,90,3.29
85,Saskylakh,RU,2020-05-23 00:22:38,71.92,114.08,43.3,95,100,8.84
86,Saint George,US,2020-05-23 00:19:22,37.1,-113.58,84.99,10,1,31.09
87,Takoradi,GH,2020-05-23 00:22:39,4.88,-1.76,79.09,84,2,6.67
88,Broome,US,2020-05-23 00:22:39,42.25,-75.83,64.99,93,90,3.36
89,Paamiut,GL,2020-05-23 00:22:39,61.99,-49.67,38.39,78,100,18.48
90,Souillac,MU,2020-05-23 00:22:39,-20.52,57.52,73.4,73,40,12.75
91,Talnakh,RU,2020-05-23 00:22:39,69.49,88.4,60.8,44,1,4.47
92,Marfino,RU,2020-05-23 00:22:40,55.7,37.38,41.0,86,90,4.47
93,Ribeira Grande,PT,2020-05-23 00:22:40,38.52,-28.7,58.62,87,100,1.54
94,Santiago,CL,2020-05-23 00:21:58,-33.46,-70.65,53.6,54,43,5.82
95,Lorengau,PG,2020-05-23 00:22:40,-2.02,147.27,85.14,70,78,3.11
96,Bengkulu,ID,2020-05-23 00:20:51,-3.8,102.27,78.33,78,98,3.42
97,Nioki,CD,2020-05-23 00:22:40,-2.72,17.68,74.57,83,20,1.41
98,Bluff,NZ,2020-05-23 00:22:41,-46.6,168.33,50.31,80,32,7.07
99,Borger,NL,2020-05-23 00:22:41,52.92,6.79,57.0,61,95,3.0
100,Bredasdorp,ZA,2020-05-23 00:22:41,-34.53,20.04,53.6,71,0,8.05
101,Phalodi,IN,2020-05-23 00:19:08,27.13,72.37,87.39,33,0,12.15
102,Lagoa,PT,2020-05-23 00:22:41,39.05,-27.98,59.38,82,98,9.8
103,Castro,BR,2020-05-23 00:22:41,-24.79,-50.01,61.59,97,100,5.48
104,Kulunda,RU,2020-05-23 00:22:42,52.57,78.94,61.57,47,94,6.06
105,Chuy,UY,2020-05-23 00:22:42,-33.7,-53.46,61.88,84,100,18.77
106,Bereda,ES,2020-05-23 00:22:42,43.27,-7.54,59.0,100,88,1.99
107,Sola,VU,2020-05-23 00:22:42,-13.88,167.55,84.2,66,75,6.93
108,Longyearbyen,SJ,2020-05-23 00:22:39,78.22,15.64,33.8,64,20,6.93
109,Sur,OM,2020-05-23 00:22:43,22.57,59.53,83.98,66,26,12.37
110,Hithadhoo,MV,2020-05-23 00:22:43,-0.6,73.08,83.84,79,100,14.27
111,Isangel,VU,2020-05-23 00:22:43,-19.55,169.27,80.6,57,40,9.17
112,Mokhsogollokh,RU,2020-05-23 00:22:43,61.47,128.92,51.1,48,79,8.63
113,Kitimat,CA,2020-05-23 00:22:19,54.05,-128.65,60.8,55,90,10.29
114,Avarua,CK,2020-05-23 00:22:43,-21.21,-159.78,80.6,74,100,21.92
115,Carnarvon,AU,2020-05-23 00:22:44,-24.87,113.63,64.18,32,0,14.81
116,Valparaiso,CL,2020-05-23 00:21:59,-33.04,-71.63,59.0,72,60,13.73
117,Tuatapere,NZ,2020-05-23 00:22:44,-46.13,167.68,52.84,67,2,3.31
118,Ponta Do Sol,PT,2020-05-23 00:22:44,32.67,-17.1,66.0,72,93,5.28
119,Atuona,PF,2020-05-23 00:22:44,-9.8,-139.03,80.67,77,24,16.8
120,Tagusao,PH,2020-05-23 00:22:45,9.19,117.81,84.06,71,100,5.7
121,La Ronge,CA,2020-05-23 00:22:45,55.1,-105.28,53.6,81,20,14.99
122,Esperance,AU,2020-05-23 00:22:45,-33.87,121.9,51.8,71,43,16.11
123,Arraial Do Cabo,BR,2020-05-23 00:22:45,-22.97,-42.03,73.4,88,55,8.05
124,Bambous Virieux,MU,2020-05-23 00:22:46,-20.34,57.76,73.4,73,40,12.75
125,Geraldton,AU,2020-05-23 00:22:46,-28.77,114.6,62.6,33,0,21.92
126,Faanui,PF,2020-05-23 00:22:46,-16.48,-151.75,79.59,75,0,23.22
127,Cherskiy,RU,2020-05-23 00:22:46,68.75,161.3,33.06,88,100,15.5
128,Road Town,VG,2020-05-23 00:18:31,18.42,-64.62,82.0,85,84,8.01
129,Dudinka,RU,2020-05-23 00:22:47,69.41,86.18,60.8,44,59,4.47
130,Fairbanks,US,2020-05-23 00:22:47,64.84,-147.72,66.99,29,75,12.75
131,Namatanai,PG,2020-05-23 00:22:47,-3.67,152.43,85.21,71,25,2.62
132,Namibe,AO,2020-05-23 00:22:47,-15.2,12.15,75.94,54,0,2.39
133,Christchurch,NZ,2020-05-23 00:20:01,-43.53,172.63,57.0,71,93,12.75
134,Sao Felix Do Xingu,BR,2020-05-23 00:22:48,-6.64,-51.99,75.0,90,3,2.17
135,Chimbote,PE,2020-05-23 00:20:56,-9.09,-78.58,65.97,83,16,9.51
136,Shelton,US,2020-05-23 00:22:48,41.32,-73.09,69.01,72,1,8.05
137,Koygorodok,RU,2020-05-23 00:22:48,60.45,51.0,43.25,95,78,5.86
138,Iqaluit,CA,2020-05-23 00:22:48,63.75,-68.51,32.0,94,90,20.8
139,Provideniya,RU,2020-05-23 00:22:49,64.38,-173.3,42.67,73,91,8.99
140,Narsaq,GL,2020-05-23 00:22:49,60.92,-46.05,51.8,29,100,12.75
141,Vanimo,PG,2020-05-23 00:22:49,-2.67,141.3,86.32,63,37,2.71
142,Gigmoto,PH,2020-05-23 00:22:49,13.78,124.39,85.84,75,96,9.22
143,Moree,AU,2020-05-23 00:22:50,-29.47,149.85,51.8,62,13,11.48
144,Merrill,US,2020-05-23 00:22:29,45.18,-89.68,64.4,72,90,4.79
145,Xining,CN,2020-05-23 00:22:50,36.62,101.77,53.02,60,100,5.21
146,Port Macquarie,AU,2020-05-23 00:22:50,-31.43,152.92,66.0,56,8,1.99
147,Wagar,SD,2020-05-23 00:22:50,16.15,36.2,91.44,26,0,4.21
148,Tuktoyaktuk,CA,2020-05-23 00:22:51,69.45,-133.04,34.09,93,4,8.43
149,Nhulunbuy,AU,2020-05-23 00:22:51,-12.23,136.77,77.0,73,90,19.46
150,Bose,IT,2020-05-23 00:22:51,45.46,8.01,66.99,77,94,2.48
151,Hasaki,JP,2020-05-23 00:22:51,35.73,140.83,66.0,100,75,5.82
152,Vardo,NO,2020-05-23 00:22:51,70.37,31.11,39.97,93,18,9.13
153,Georgetown,MY,2020-05-23 00:22:51,5.41,100.34,80.6,94,20,4.7
154,San Francisco Del Mar,MX,2020-05-23 00:22:52,16.23,-94.65,85.73,73,18,11.45
155,Muravlenko,RU,2020-05-23 00:22:52,63.79,74.52,57.9,57,69,14.52
156,Opuwo,NA,2020-05-23 00:22:52,-18.06,13.84,61.23,37,0,10.04
157,Shunyi,CN,2020-05-23 00:22:52,40.12,116.65,69.01,77,91,4.47
158,Sobolevo,RU,2020-05-23 00:22:52,54.43,31.9,38.12,96,92,7.47
159,Victoria,HK,2020-05-23 00:22:44,22.29,114.16,80.01,90,100,8.99
160,Asau,RO,2020-05-23 00:22:53,46.43,26.4,43.0,81,94,3.6
161,Wad Rawah,SD,2020-05-23 00:22:53,15.16,33.14,89.1,37,12,14.63
162,Khatanga,RU,2020-05-23 00:22:53,71.97,102.5,52.59,84,99,5.12
163,Zhangjiakou,CN,2020-05-23 00:22:53,40.81,114.88,60.91,45,77,8.16
164,Jequie,BR,2020-05-23 00:22:54,-13.86,-40.08,70.3,91,27,2.62
165,Touros,BR,2020-05-23 00:22:54,-5.2,-35.46,75.2,100,90,4.7
166,Zyuzelskiy,RU,2020-05-23 00:22:54,56.49,60.13,46.4,93,99,5.57
167,Talaya,RU,2020-05-23 00:22:54,61.38,152.75,41.16,64,50,11.86
168,Hualmay,PE,2020-05-23 00:22:54,-11.1,-77.61,64.53,82,10,9.82
169,Nome,US,2020-05-23 00:22:55,64.5,-165.41,53.01,66,90,16.11
170,Mahebourg,MU,2020-05-23 00:22:55,-20.41,57.7,73.4,73,40,12.75
171,Kumluca,TR,2020-05-23 00:22:55,36.37,30.29,65.71,36,1,10.22
172,San Quintin,MX,2020-05-23 00:22:55,30.48,-115.95,66.24,68,0,13.11
173,Marshall,US,2020-05-23 00:18:52,34.38,-86.33,79.0,73,1,4.7
174,Vanavara,RU,2020-05-23 00:22:56,60.34,102.28,66.92,42,0,0.85
175,Maldonado,UY,2020-05-23 00:22:56,-34.67,-54.92,60.8,77,90,20.8
176,Astoria,US,2020-05-23 00:22:56,46.19,-123.83,57.0,66,90,13.87
177,Bud,US,2020-05-23 00:22:56,39.45,-86.18,72.0,60,1,3.36
178,Chokurdakh,RU,2020-05-23 00:22:56,70.63,147.92,26.22,98,79,5.5
179,Lima,PE,2020-05-23 00:20:36,-12.04,-77.03,64.4,77,90,9.17
180,Calvia,ES,2020-05-23 00:22:57,39.57,2.51,68.0,63,52,2.24
181,Tiksi,RU,2020-05-23 00:22:57,71.69,128.87,33.94,91,99,7.65
182,Pali,IN,2020-05-23 00:22:57,25.77,73.33,82.06,63,0,13.13
183,Turukhansk,RU,2020-05-23 00:22:57,65.82,87.98,67.77,41,0,9.82
184,Blackwater,AU,2020-05-23 00:22:57,-23.58,148.88,52.05,79,100,3.24
185,Kokorevka,RU,2020-05-23 00:22:58,52.59,34.28,37.2,99,95,5.23
186,Nanortalik,GL,2020-05-23 00:22:58,60.14,-45.24,40.71,70,97,7.78
187,Alofi,NU,2020-05-23 00:22:58,-19.06,-169.92,84.2,83,100,8.05
188,Jinka,ET,2020-05-23 00:22:58,5.65,36.65,63.03,89,89,1.79
189,Chinautla,GT,2020-05-23 00:22:58,14.71,-90.5,73.4,69,75,5.82
190,Zyryanka,RU,2020-05-23 00:22:58,65.75,150.85,39.61,66,39,9.28
191,Jurmala,LV,2020-05-23 00:22:59,56.97,23.77,35.6,100,0,1.12
192,Den Helder,NL,2020-05-23 00:22:59,52.96,4.76,57.0,87,90,12.75
193,Byron Bay,AU,2020-05-23 00:22:09,-28.65,153.62,57.2,62,100,9.17
194,New Glasgow,CA,2020-05-23 00:22:25,45.58,-62.65,46.99,67,56,6.58
195,Natal,BR,2020-05-23 00:22:59,-5.79,-35.21,75.2,94,75,6.93
196,Picos,BR,2020-05-23 00:23:00,-7.08,-41.47,75.0,75,3,3.15
197,San Patricio,MX,2020-05-23 00:23:00,19.22,-104.7,78.8,78,5,20.8
198,Klaksvik,FO,2020-05-23 00:23:00,62.23,-6.59,48.2,93,100,16.11
199,Nikolskoye,RU,2020-05-23 00:23:00,59.7,30.79,42.01,74,2,2.1
200,Paramonga,PE,2020-05-23 00:23:00,-10.67,-77.83,64.56,84,20,9.17
201,Dunedin,NZ,2020-05-23 00:23:00,-45.87,170.5,53.01,79,15,13.0
202,Cabo San Lucas,MX,2020-05-23 00:23:01,22.89,-109.91,84.99,44,5,6.93
203,Coihaique,CL,2020-05-23 00:23:01,-45.58,-72.07,48.2,76,75,5.5
204,Daru,PG,2020-05-23 00:23:01,-9.08,143.21,82.15,84,89,4.81
205,Baindur,IN,2020-05-23 00:23:01,13.87,74.63,81.73,81,66,5.68
206,Dandong,CN,2020-05-23 00:23:01,40.13,124.39,57.72,87,100,10.16
207,Port Stanley,FK,2020-05-23 00:21:09,-51.7,-57.85,44.6,87,20,23.04
208,Coquimbo,CL,2020-05-23 00:23:02,-29.95,-71.34,55.4,71,54,5.82
209,Pangnirtung,CA,2020-05-23 00:23:02,66.15,-65.71,22.66,91,17,1.9
210,Puerto Ayora,EC,2020-05-23 00:23:02,-0.74,-90.35,75.0,89,77,1.01
211,Kuryk,KZ,2020-05-23 00:23:02,43.2,51.65,67.15,56,0,20.18
212,Rawlins,US,2020-05-23 00:23:03,41.79,-107.24,68.0,13,1,25.28
213,Lasa,IT,2020-05-23 00:23:03,46.62,10.7,51.8,71,75,4.7
214,High Level,CA,2020-05-23 00:23:03,58.52,-117.14,46.4,70,90,11.41
215,San Rafael,AR,2020-05-23 00:23:03,-34.62,-68.33,47.25,51,38,6.62
216,Oksfjord,NO,2020-05-23 00:23:03,70.24,22.35,41.0,60,18,12.75
217,San Juan,AR,2020-05-23 00:23:04,-31.54,-68.54,48.78,47,10,6.53
218,Buraydah,SA,2020-05-23 00:23:04,26.33,43.98,75.2,33,5,3.36
219,Novikovo,RU,2020-05-23 00:23:04,51.15,37.89,39.85,87,60,3.11
220,Trairi,BR,2020-05-23 00:23:04,-3.28,-39.27,76.39,92,74,6.62
221,Lompoc,US,2020-05-23 00:23:04,34.64,-120.46,62.6,55,1,18.34
222,Nikolayevsk-Na-Amure,RU,2020-05-23 00:23:05,53.14,140.73,40.75,90,100,3.11
223,Reconquista,AR,2020-05-23 00:23:05,-29.15,-59.65,49.05,92,100,22.46
224,Charthawal,IN,2020-05-23 00:23:05,29.55,77.58,83.88,16,3,6.33
225,Akcaabat,TR,2020-05-23 00:23:05,41.02,39.57,57.2,87,75,21.92
226,Saint-Georges,GD,2020-05-23 00:23:05,12.06,-61.75,82.4,78,20,18.34
227,Acapulco,MX,2020-05-23 00:23:06,16.86,-99.89,84.2,74,5,12.75
228,Alice Springs,AU,2020-05-23 00:23:06,-23.7,133.88,51.8,43,0,9.17
229,Aklavik,CA,2020-05-23 00:23:06,68.22,-135.01,60.8,23,5,6.93
230,Nibe,DK,2020-05-23 00:23:06,56.98,9.64,51.01,95,65,1.01
231,Fare,PF,2020-05-23 00:23:06,-16.7,-151.02,80.31,75,0,23.42
232,Soe,ID,2020-05-23 00:23:07,-9.86,124.28,67.19,100,100,3.4
233,Yumen,CN,2020-05-23 00:23:07,40.28,97.2,58.19,47,82,6.02
234,Shimoda,JP,2020-05-23 00:23:07,34.67,138.95,62.6,93,75,9.17
235,Chernyshevskiy,RU,2020-05-23 00:23:07,63.01,112.47,60.94,46,62,2.42
236,Plakhtiyivka,UA,2020-05-23 00:23:07,46.1,29.72,47.7,72,76,7.83
237,Novosergiyevka,RU,2020-05-23 00:23:08,52.09,53.65,52.47,95,86,8.88
238,Luganville,VU,2020-05-23 00:23:08,-15.53,167.17,82.4,61,40,10.29
239,Havoysund,NO,2020-05-23 00:23:08,71.0,24.66,37.4,59,8,9.17
240,Shingu,JP,2020-05-23 00:23:08,33.73,135.98,73.4,69,75,4.7
241,Ilhabela,BR,2020-05-23 00:23:08,-23.78,-45.36,74.26,73,97,5.55
242,Husavik,IS,2020-05-23 00:23:09,66.04,-17.34,39.2,93,90,6.93
243,Krasnoselkup,RU,2020-05-23 00:23:09,65.7,82.47,62.49,63,24,5.57
244,Meulaboh,ID,2020-05-23 00:23:09,4.14,96.13,76.23,89,100,4.25
245,Cidreira,BR,2020-05-23 00:23:09,-30.18,-50.21,65.79,96,94,2.04
246,Salym,RU,2020-05-23 00:23:09,60.06,71.48,49.98,91,22,4.56
247,Indramayu,ID,2020-05-23 00:23:09,-6.33,108.32,80.44,83,70,4.5
248,Mareeba,AU,2020-05-23 00:23:10,-17.0,145.43,68.0,88,75,3.36
249,Thohoyandou,ZA,2020-05-23 00:23:10,-22.95,30.48,56.14,71,0,2.68
250,Yushan,CN,2020-05-23 00:22:46,31.38,120.95,75.99,78,20,8.95
251,Santiago Del Estero,AR,2020-05-23 00:19:21,-27.8,-64.26,56.66,35,0,14.07
252,Moses Lake,US,2020-05-23 00:23:10,47.13,-119.28,68.0,36,90,10.29
253,Pyaozerskiy,RU,2020-05-23 00:23:11,65.83,31.17,34.72,87,17,3.58
254,Sao Filipe,CV,2020-05-23 00:23:11,14.9,-24.5,75.74,61,0,7.11
255,Cabedelo,BR,2020-05-23 00:23:11,-6.98,-34.83,77.0,100,75,5.82
256,Tullahoma,US,2020-05-23 00:23:11,35.36,-86.21,75.2,78,1,4.7
257,Hurghada,EG,2020-05-23 00:23:11,27.26,33.81,87.8,22,25,16.11
258,Northam,GB,2020-05-23 00:23:12,51.03,-4.22,54.0,87,21,14.0
259,Waingapu,ID,2020-05-23 00:23:12,-9.66,120.26,80.87,79,98,5.41
260,Hanko,FI,2020-05-23 00:23:12,59.83,22.95,51.01,55,0,7.54
261,Padang,ID,2020-05-23 00:23:12,-0.95,100.35,79.92,74,93,4.18
262,The Pas,CA,2020-05-23 00:23:12,53.83,-101.25,62.6,67,90,29.97
263,Dalvik,IS,2020-05-23 00:23:13,65.97,-18.53,39.2,93,90,6.93
264,Meadow Lake,US,2020-05-23 00:23:13,34.8,-106.54,82.4,5,75,17.22
265,Tatawin,TN,2020-05-23 00:23:13,32.93,10.45,66.2,82,69,6.93
266,Along,IN,2020-05-23 00:23:13,28.17,94.77,67.77,86,100,1.1
267,Bilma,NE,2020-05-23 00:23:14,18.69,12.92,85.41,38,96,8.05
268,Chingirlau,KZ,2020-05-23 00:23:14,51.09,54.08,53.46,92,51,11.68
269,Russell,US,2020-05-23 00:23:14,32.35,-85.2,69.8,88,90,6.93
270,Tautira,PF,2020-05-23 00:23:14,-17.73,-149.15,86.0,55,75,6.93
271,Port Blair,IN,2020-05-23 00:23:14,11.67,92.75,83.16,80,70,5.66
272,Severo-Kurilsk,RU,2020-05-23 00:23:15,50.68,156.12,43.61,62,16,13.18
273,Graaff-Reinet,ZA,2020-05-23 00:23:15,-32.25,24.53,58.8,38,0,4.21
274,Pareora,NZ,2020-05-23 00:23:15,-44.49,171.21,54.0,94,100,5.01
275,Bandarbeyla,SO,2020-05-23 00:23:15,9.49,50.81,86.38,59,14,21.14
276,Kaitangata,NZ,2020-05-23 00:23:15,-46.28,169.85,55.99,62,16,3.0
277,Port Keats,AU,2020-05-23 00:23:16,-14.25,129.55,62.91,76,73,12.53
278,Puerto Carreno,CO,2020-05-23 00:23:16,6.19,-67.49,80.6,78,40,6.58
279,Bubaque,GW,2020-05-23 00:23:16,11.28,-15.83,78.94,78,0,14.29
280,Ambilobe,MG,2020-05-23 00:23:17,-13.2,49.05,69.85,86,4,1.81
281,Codrington,AU,2020-05-23 00:23:17,-38.27,141.97,54.93,86,99,15.32
282,Clyde River,CA,2020-05-23 00:23:17,70.47,-68.59,24.8,92,1,4.7
283,Puerto Maldonado,PE,2020-05-23 00:23:17,-12.6,-69.18,76.46,91,100,1.45
284,Makakilo City,US,2020-05-23 00:20:43,21.35,-158.09,86.0,57,20,16.11
285,Taoudenni,ML,2020-05-23 00:23:18,22.68,-3.98,87.53,12,0,15.9
286,Tazovskiy,RU,2020-05-23 00:23:18,67.47,78.7,53.06,58,66,7.31
287,Bathsheba,BB,2020-05-23 00:23:18,13.22,-59.52,80.6,78,40,12.75
288,Kaeo,NZ,2020-05-23 00:23:18,-35.1,173.78,57.99,13,100,1.99
289,Port Augusta,AU,2020-05-23 00:23:19,-32.5,137.77,55.4,100,59,12.75
290,Kununurra,AU,2020-05-23 00:23:19,-15.77,128.73,62.6,63,75,13.87
291,Palmer,US,2020-05-23 00:22:57,42.16,-72.33,72.0,64,26,5.99
292,Kidal,ML,2020-05-23 00:23:19,18.44,1.41,81.18,15,0,12.84
293,Lamar,US,2020-05-23 00:23:19,33.67,-95.58,86.0,62,20,11.41
294,Santa Marta De Tormes,ES,2020-05-23 00:23:19,40.95,-5.63,57.2,76,17,5.82
295,Nantucket,US,2020-05-23 00:20:06,41.28,-70.1,57.0,93,1,12.75
296,Pisco,PE,2020-05-23 00:23:20,-13.7,-76.22,66.99,82,46,8.05
297,Puerto Leguizamo,CO,2020-05-23 00:23:20,-0.19,-74.78,75.63,95,95,2.21
298,Nabire,ID,2020-05-23 00:23:20,-3.37,135.48,82.17,79,100,2.35
299,Darab,IR,2020-05-23 00:23:21,28.75,54.54,74.53,19,0,5.88
300,Mount Gambier,AU,2020-05-23 00:23:21,-37.83,140.77,53.6,100,75,11.41
301,Greensburg,US,2020-05-23 00:19:53,40.3,-79.54,69.8,73,5,3.67
302,Plettenberg Bay,ZA,2020-05-23 00:23:21,-34.05,23.37,57.22,84,0,5.82
303,Barrow,US,2020-05-23 00:23:21,71.29,-156.79,33.8,80,1,17.22
304,Yeppoon,AU,2020-05-23 00:23:21,-23.13,150.73,51.8,93,90,4.7
305,Tessalit,ML,2020-05-23 00:23:22,20.2,1.01,81.09,19,0,13.89
306,Srednekolymsk,RU,2020-05-23 00:23:22,67.45,153.68,35.83,75,100,6.8
307,Mahibadhoo,MV,2020-05-23 00:23:22,3.78,72.97,84.22,77,98,13.6
308,Luderitz,NA,2020-05-23 00:23:22,-26.65,15.16,57.2,82,0,3.36
309,Ilulissat,GL,2020-05-23 00:23:22,69.22,-51.1,53.6,32,20,16.11
310,Panama City,PA,2020-05-23 00:22:22,8.99,-79.52,80.01,88,75,9.17
311,Izhma,RU,2020-05-23 00:21:04,65.01,53.91,37.89,89,100,9.95
312,Batemans Bay,AU,2020-05-23 00:23:23,-35.72,150.18,63.0,55,98,1.99
313,Assiniboia,CA,2020-05-23 00:23:23,49.63,-105.98,64.17,29,72,16.02
314,Nkowakowa,ZA,2020-05-23 00:23:23,-23.89,30.29,46.4,66,0,5.82
315,Ancud,CL,2020-05-23 00:23:24,-41.87,-73.82,50.0,87,75,8.05
316,Caravelas,BR,2020-05-23 00:23:24,-17.71,-39.25,73.92,90,0,4.34
317,Kiama,AU,2020-05-23 00:23:24,-34.68,150.87,62.01,67,64,7.0
318,Nokaneng,BW,2020-05-23 00:23:24,-19.67,22.27,55.0,43,0,5.79
319,Wuwei,CN,2020-05-23 00:23:25,37.93,102.64,55.13,78,99,5.75
320,Bahia Blanca,AR,2020-05-23 00:23:25,-38.72,-62.27,48.34,59,0,4.18
321,Katsuura,JP,2020-05-23 00:23:25,35.13,140.3,66.0,100,75,6.93
322,Siderno,IT,2020-05-23 00:23:26,38.28,16.3,64.99,79,0,7.87
323,Sakhnovshchyna,UA,2020-05-23 00:23:26,49.15,35.87,36.95,93,0,6.6
324,Rye,US,2020-05-23 00:23:27,40.98,-73.68,66.0,81,52,8.12
325,Ulladulla,AU,2020-05-23 00:18:50,-35.35,150.47,59.0,58,90,16.11
326,Leningradskiy,RU,2020-05-23 00:23:28,69.38,178.42,30.31,97,48,4.74
327,Victoria Point,AU,2020-05-23 00:23:28,-27.58,153.3,55.99,63,100,1.99
328,Port Lincoln,AU,2020-05-23 00:23:28,-34.73,135.87,57.58,69,77,15.46
329,Cayenne,GF,2020-05-23 00:23:29,4.93,-52.33,77.0,100,100,2.24
330,Sambava,MG,2020-05-23 00:23:29,-14.27,50.17,74.46,90,99,13.8
331,Coos Bay,US,2020-05-23 00:23:29,43.37,-124.22,59.0,62,20,14.99
332,Kot Samaba,PK,2020-05-23 00:23:29,28.55,70.47,89.4,18,4,6.91
333,Gagnoa,CI,2020-05-23 00:23:30,6.13,-5.94,72.39,98,31,2.77
334,Elizabeth City,US,2020-05-23 00:23:30,36.29,-76.25,77.0,83,1,8.05
335,Gari,RU,2020-05-23 00:23:30,59.43,62.35,47.46,96,81,6.35
336,Kuminskiy,RU,2020-05-23 00:22:04,58.67,66.57,49.51,70,35,8.59
337,Eunice,US,2020-05-23 00:23:30,30.49,-92.42,86.0,66,40,12.75
338,Katherine,AU,2020-05-23 00:23:30,-14.47,132.27,59.0,82,90,17.22
339,Alta Floresta,BR,2020-05-23 00:23:31,-9.88,-56.09,74.34,91,35,3.56
340,Vagur,FO,2020-05-23 00:23:31,61.47,-6.81,48.33,91,100,26.98
341,Tacuati,PY,2020-05-23 00:23:31,-23.45,-56.58,56.93,82,100,8.59
342,Abashiri,JP,2020-05-23 00:23:31,44.02,144.27,55.99,62,75,11.41
343,Kachiry,KZ,2020-05-23 00:23:32,53.07,76.1,58.87,83,82,5.64
344,Tezu,IN,2020-05-23 00:23:32,27.92,96.17,73.74,72,99,0.18
345,Venado Tuerto,AR,2020-05-23 00:23:32,-33.75,-61.97,44.01,80,55,5.01
346,Miri,MY,2020-05-23 00:23:32,4.41,114.01,80.6,88,75,8.05
347,Honningsvag,NO,2020-05-23 00:23:32,70.98,25.97,40.28,86,10,13.51
348,Kahului,US,2020-05-23 00:23:32,20.89,-156.47,87.8,48,20,26.4
349,Ngunguru,NZ,2020-05-23 00:23:33,-35.62,174.5,57.99,77,100,5.01
350,Micheweni,TZ,2020-05-23 00:23:33,-4.97,39.83,77.85,78,6,13.24
351,Luwuk,ID,2020-05-23 00:23:33,-0.95,122.79,83.77,69,73,1.92
352,Neuquen,AR,2020-05-23 00:20:02,-38.95,-68.06,44.6,75,0,9.8
353,Bulungu,CD,2020-05-23 00:23:33,-4.55,18.6,72.75,79,0,0.58
354,Pevek,RU,2020-05-23 00:23:33,69.7,170.31,30.36,96,71,3.36
355,Metu,ET,2020-05-23 00:23:34,8.3,35.58,59.29,98,100,1.72
356,Rovaniemi,FI,2020-05-23 00:23:34,66.5,25.72,41.0,44,0,6.93
357,Pascagoula,US,2020-05-23 00:23:34,30.37,-88.56,82.4,78,20,8.05
358,Pacific Grove,US,2020-05-23 00:23:34,36.62,-121.92,63.0,59,1,11.41
359,Bumba,CD,2020-05-23 00:23:35,2.18,22.47,71.85,95,96,1.97
360,Agadir,MA,2020-05-23 00:23:35,30.42,-9.6,68.0,82,4,5.82
361,Georgiyevskoye,RU,2020-05-23 00:23:35,58.73,45.02,41.27,96,100,6.2
362,Hay River,CA,2020-05-23 00:23:35,60.82,-115.8,42.8,88,75,8.05
363,Dubbo,AU,2020-05-23 00:22:56,-32.25,148.62,51.8,71,75,11.41
364,Kasongo-Lunda,CD,2020-05-23 00:23:35,-6.47,16.82,76.68,64,72,0.22
365,Leeton,AU,2020-05-23 00:23:36,-34.57,146.4,48.2,76,75,5.82
366,Hantsport,CA,2020-05-23 00:23:36,45.07,-64.17,60.01,52,98,3.0
367,Eyl,SO,2020-05-23 00:23:36,7.98,49.82,85.86,65,82,12.3
368,Ust-Kut,RU,2020-05-23 00:23:36,56.79,105.77,62.78,42,15,1.52
369,Blagoyevo,RU,2020-05-23 00:21:05,63.37,47.92,35.87,95,100,11.65
370,Aguada De Pasajeros,CU,2020-05-23 00:23:37,22.39,-80.85,74.52,85,94,7.74
371,San Juan Bautista,PE,2020-05-23 00:23:37,-14.01,-75.74,66.99,82,46,8.05
372,Necochea,AR,2020-05-23 00:19:57,-38.55,-58.74,52.0,77,4,5.99
373,Tasiilaq,GL,2020-05-23 00:23:38,65.61,-37.64,39.2,86,100,2.24
374,Valentin Gomez Farias,MX,2020-05-23 00:23:38,28.22,-106.58,86.22,12,0,19.95
375,Bethel,US,2020-05-23 00:23:38,41.37,-73.41,69.01,68,1,6.93
376,Los Llanos De Aridane,ES,2020-05-23 00:23:38,28.66,-17.92,68.0,77,93,16.11
377,Guerrero Negro,MX,2020-05-23 00:23:38,27.98,-114.06,67.23,64,52,18.5
378,Nayudupeta,IN,2020-05-23 00:23:39,13.9,79.9,85.37,60,3,7.67
379,Lumut,MY,2020-05-23 00:23:39,4.23,100.63,80.01,88,20,2.24
380,Pochutla,MX,2020-05-23 00:23:39,15.74,-96.47,84.2,83,40,9.17
381,Kavieng,PG,2020-05-23 00:23:39,-2.57,150.8,84.34,75,24,6.58
382,Quelimane,MZ,2020-05-23 00:23:39,-17.88,36.89,66.36,86,18,1.97
383,Kelamangalam,IN,2020-05-23 00:23:40,12.6,77.85,71.6,100,40,6.93
384,Uruzgan,AF,2020-05-23 00:23:40,32.83,66.0,61.95,48,16,4.68
385,Yerbogachen,RU,2020-05-23 00:23:40,61.28,108.01,65.93,43,0,5.21
386,Leh,IN,2020-05-23 00:23:40,34.17,77.58,44.15,54,69,3.58
387,Raudeberg,NO,2020-05-23 00:23:40,61.99,5.14,51.01,83,64,16.08
388,Wanlaweyn,SO,2020-05-23 00:23:40,2.62,44.89,75.54,87,99,13.87
389,Bonavista,CA,2020-05-23 00:23:41,48.65,-53.11,36.0,76,75,14.0
390,Bonthe,SL,2020-05-23 00:23:41,7.53,-12.51,79.88,87,7,6.17
391,Benicarlo,ES,2020-05-23 00:23:41,40.42,0.43,62.01,79,50,7.27
392,Chapais,CA,2020-05-23 00:23:41,49.78,-74.85,53.6,20,1,9.17
393,Waitati,NZ,2020-05-23 00:23:41,-45.75,170.57,53.01,79,22,13.0
394,Poum,NC,2020-05-23 00:23:41,-20.23,164.02,75.18,73,90,19.17
395,Naron,ES,2020-05-23 00:23:42,43.52,-8.15,55.4,100,81,3.36
396,La Romana,DO,2020-05-23 00:23:42,18.43,-68.97,80.6,88,40,5.82
397,Maceio,BR,2020-05-23 00:23:31,-9.67,-35.74,75.2,94,4,2.24
398,Santa Maria,BR,2020-05-23 00:23:42,-29.68,-53.81,63.05,94,92,10.69
399,Panaba,MX,2020-05-23 00:23:43,21.28,-88.27,88.63,51,58,13.11
400,La Peca,PE,2020-05-23 00:23:43,-5.61,-78.44,72.43,76,31,3.91
401,Hailar,CN,2020-05-23 00:23:43,49.2,119.7,54.46,66,99,5.79
402,Kalino,RU,2020-05-23 00:21:04,58.25,57.61,39.76,93,0,4.25
403,Avera,US,2020-05-23 00:23:43,33.19,-82.53,84.2,58,1,4.7
404,Voyvozh,RU,2020-05-23 00:19:07,62.89,54.96,44.69,92,95,6.38
405,Talcahuano,CL,2020-05-23 00:23:44,-36.72,-73.12,48.2,81,54,3.36
406,Mwingi,KE,2020-05-23 00:23:44,-0.93,38.06,63.5,89,21,4.18
407,Keta,GH,2020-05-23 00:23:44,5.92,0.99,77.0,94,20,3.36
408,Lazarev,RU,2020-05-23 00:23:44,52.23,141.51,34.38,98,100,2.08
409,Lenine,UA,2020-05-23 00:23:44,45.3,35.78,51.8,66,87,10.25
410,Sibu,MY,2020-05-23 00:23:44,2.3,111.82,77.0,94,75,2.59
411,Nelson Bay,AU,2020-05-23 00:23:45,-32.72,152.15,59.0,66,90,27.51
412,Jodhpur,IN,2020-05-23 00:23:45,26.29,73.03,83.23,52,0,11.74
413,Qasigiannguit,GL,2020-05-23 00:23:45,68.82,-51.19,53.6,32,20,16.11
414,Vangaindrano,MG,2020-05-23 00:23:45,-23.35,47.6,68.47,91,71,5.35
415,Szeged,HU,2020-05-23 00:23:45,46.25,20.15,55.99,48,100,2.75
416,Kuala Perlis,MY,2020-05-23 00:23:46,6.4,100.13,78.8,100,40,3.36
417,Pundaguitan,PH,2020-05-23 00:23:46,6.37,126.17,83.53,74,100,1.81
418,Mackenzie,CA,2020-05-23 00:23:46,55.3,-123.17,51.8,76,90,3.36
419,Odweyne,SO,2020-05-23 00:23:46,9.41,45.06,75.09,64,50,11.99
420,Tianpeng,CN,2020-05-23 00:23:46,30.99,103.94,77.0,1,98,5.14
421,Tabou,CI,2020-05-23 00:23:46,4.42,-7.35,79.77,84,67,7.72
422,Nizhniy Kuranakh,RU,2020-05-23 00:23:47,58.84,125.49,44.67,65,88,6.6
423,Lillooet,CA,2020-05-23 00:23:47,50.69,-121.94,60.8,48,1,16.11
424,Iralaya,HN,2020-05-23 00:23:47,15.0,-83.23,81.45,79,21,8.7
425,Onega,RU,2020-05-23 00:23:47,63.91,38.14,29.73,97,0,4.92
426,Loudi,CN,2020-05-23 00:23:47,27.73,111.99,75.29,73,0,1.61
427,Trinidad,BO,2020-05-23 00:23:48,-14.83,-64.9,75.94,92,92,7.58
428,Saldanha,ZA,2020-05-23 00:23:48,-33.01,17.94,48.2,81,3,2.24
429,Santo Augusto,BR,2020-05-23 00:23:48,-27.85,-53.78,57.2,100,95,17.22
430,Lovozero,RU,2020-05-23 00:23:48,68.0,35.01,33.13,91,0,3.74
431,Kandri,IN,2020-05-23 00:23:48,21.42,79.27,91.4,18,0,6.93
432,Sao Joao Da Barra,BR,2020-05-23 00:23:48,-21.64,-41.05,73.9,87,37,17.43
433,Diego De Almagro,CL,2020-05-23 00:23:49,-26.37,-70.05,51.62,59,83,1.7
434,Mezen,RU,2020-05-23 00:23:49,65.85,44.24,33.15,89,100,9.48
435,Jyvaskyla,FI,2020-05-23 00:23:49,62.24,25.72,36.0,80,1,1.12
436,Bodmin,GB,2020-05-23 00:23:49,50.47,-4.72,51.8,87,45,16.11
437,Naze,JP,2020-05-23 00:23:49,28.37,129.48,75.2,83,75,19.46
438,Okhotsk,RU,2020-05-23 00:23:50,59.38,143.3,45.73,62,20,4.05
439,Makinsk,KZ,2020-05-23 00:23:50,52.63,70.42,53.91,84,62,6.11
440,Nalut,LY,2020-05-23 00:23:50,30.33,10.85,69.42,50,85,20.07
441,Nemuro,JP,2020-05-23 00:23:50,43.32,145.57,46.4,93,75,9.17
442,Charters Towers,AU,2020-05-23 00:23:50,-20.1,146.27,50.23,93,100,12.57
443,Shalakusha,RU,2020-05-23 00:20:05,62.22,40.25,32.49,93,80,6.69
444,Longhua,CN,2020-05-23 00:23:51,23.61,114.19,75.72,80,100,2.19
445,Boali,CF,2020-05-23 00:23:51,4.8,18.13,75.2,100,20,2.24
446,Parkersburg,US,2020-05-23 00:20:18,39.27,-81.56,73.99,53,40,2.17
447,Hurricane,US,2020-05-23 00:21:04,37.18,-113.29,84.2,10,1,31.09
448,Fortuna,US,2020-05-23 00:23:51,40.6,-124.16,60.01,62,20,20.8
449,Yanam,IN,2020-05-23 00:23:52,16.73,82.22,82.51,90,90,1.99
450,Yulara,AU,2020-05-23 00:23:52,-25.24,130.99,51.8,46,0,8.05
451,Mancora,PE,2020-05-23 00:23:52,-4.11,-81.05,72.88,70,20,11.18
452,Gat,IL,2020-05-23 00:23:52,31.61,34.76,71.01,79,19,7.29
453,Gorontalo,ID,2020-05-23 00:23:52,0.54,123.06,82.92,77,26,2.86
454,Sar-E Pul,AF,2020-05-23 00:23:53,35.83,66.17,54.59,41,0,1.3
455,Wajima,JP,2020-05-23 00:23:53,37.4,136.9,62.6,77,75,2.24
456,Dingle,PH,2020-05-23 00:23:53,11.0,122.67,85.03,74,97,6.49
457,Ampanihy,MG,2020-05-23 00:23:53,-24.7,44.75,65.57,82,30,7.16
458,Barda,AZ,2020-05-23 00:23:53,40.37,47.13,69.73,62,0,1.36
459,Qui Nhon,VN,2020-05-23 00:23:54,13.77,109.23,85.37,70,100,3.49
460,Nieuw Amsterdam,SR,2020-05-23 00:23:54,5.88,-55.08,81.0,78,20,9.17
461,Shu,KZ,2020-05-23 00:23:54,43.6,73.76,59.41,58,27,3.33
462,Ixtapa,MX,2020-05-23 00:23:54,20.7,-105.2,80.6,78,20,10.29
463,Staroaleyskoye,RU,2020-05-23 00:23:54,51.01,82.0,56.12,74,58,2.44
464,Kananga,CD,2020-05-23 00:23:55,-5.9,22.42,72.01,74,4,3.06
465,Portland,US,2020-05-23 00:21:02,45.52,-122.68,63.0,48,75,3.36
466,Port-Gentil,GA,2020-05-23 00:23:55,-0.72,8.78,82.4,88,75,8.05
467,Nadym,RU,2020-05-23 00:23:55,65.53,72.52,58.28,60,35,15.99
468,Teeli,RU,2020-05-23 00:23:55,51.03,90.23,56.34,55,100,3.18
469,Santa Rosalia,MX,2020-05-23 00:23:56,27.32,-112.28,83.7,35,53,5.17
470,Balint,RO,2020-05-23 00:23:56,45.81,21.85,43.0,81,63,4.7
471,Tombouctou,ML,2020-05-23 00:23:56,20.0,-3.0,83.62,14,0,13.44
472,Bakchar,RU,2020-05-23 00:23:56,57.02,82.07,54.01,75,74,3.22
473,Ballina,AU,2020-05-23 00:23:56,-28.87,153.57,57.2,62,100,9.17
474,Amahai,ID,2020-05-23 00:23:57,-3.33,128.92,82.45,80,90,2.53
475,Atar,MR,2020-05-23 00:23:57,20.52,-13.05,86.14,13,0,5.79
476,Dhidhdhoo,MV,2020-05-23 00:23:57,6.88,73.1,84.09,77,23,13.94
477,Amparafaravola,MG,2020-05-23 00:23:57,-17.58,48.22,60.37,88,72,6.29
478,Langcangan,PH,2020-05-23 00:23:57,8.48,123.76,82.81,77,100,0.47
479,Chincha Alta,PE,2020-05-23 00:23:57,-13.41,-76.13,66.99,82,59,8.05
480,Vostok,RU,2020-05-23 00:23:58,46.49,135.88,63.1,45,88,1.45
481,Sawtell,AU,2020-05-23 00:23:58,-30.38,153.1,59.0,58,70,8.05
482,Teya,RU,2020-05-23 00:23:58,60.38,92.63,67.05,34,0,1.95
483,Constitucion,CL,2020-05-23 00:23:58,-35.33,-72.42,52.9,52,67,6.73
484,Aktash,RU,2020-05-23 00:23:58,50.3,87.73,37.58,88,100,0.98
485,Vila Franca Do Campo,PT,2020-05-23 00:23:59,37.72,-25.43,60.8,93,75,5.82
486,Tanabe,JP,2020-05-23 00:23:59,33.73,135.37,73.4,69,75,4.7
487,Bontang,ID,2020-05-23 00:23:59,0.13,117.5,77.07,87,93,3.96
488,Cockburn Town,TC,2020-05-23 00:23:59,21.46,-71.14,80.51,83,94,17.07
489,Denizli,TR,2020-05-23 00:23:59,37.84,29.07,39.2,55,2,3.36
490,Olovyannaya,RU,2020-05-23 00:23:59,50.95,115.57,59.16,35,23,9.04
491,Raahe,FI,2020-05-23 00:24:00,64.68,24.48,39.2,64,0,4.7
492,Biak,ID,2020-05-23 00:24:00,-0.91,122.88,82.11,74,73,1.48
493,Malartic,CA,2020-05-23 00:24:00,48.13,-78.13,70.0,26,20,12.75
494,Ormara,PK,2020-05-23 00:24:00,25.21,64.64,82.67,80,0,18.37
495,Aksu,CN,2020-05-23 00:24:00,41.12,80.26,65.32,31,0,4.85
496,Ayr,GB,2020-05-23 00:24:00,55.46,-4.63,51.01,76,75,21.92
497,Verkhoyansk,RU,2020-05-23 00:24:01,67.54,133.38,39.58,67,92,4.81
498,Ajdabiya,LY,2020-05-23 00:24:01,30.76,20.23,63.5,81,50,9.01
499,Lagos,NG,2020-05-23 00:24:01,6.58,3.75,80.6,83,20,3.83
500,Burnie,AU,2020-05-23 00:24:01,-41.07,145.92,52.52,73,8,3.85
501,Kaputa,ZM,2020-05-23 00:24:01,-8.47,29.66,65.14,76,3,2.37
502,Batsfjord,NO,2020-05-23 00:24:02,70.63,29.72,36.61,86,37,9.26
503,Kuching,MY,2020-05-23 00:24:02,1.55,110.33,80.6,94,40,0.85
504,Vila Velha,BR,2020-05-23 00:24:02,-20.33,-40.29,75.2,78,75,12.75
505,Chumikan,RU,2020-05-23 00:24:02,54.72,135.31,46.76,55,1,4.97
506,Svetlogorsk,BY,2020-05-23 00:24:02,52.63,29.73,37.18,96,48,7.56
507,North Bend,US,2020-05-23 00:24:02,43.41,-124.22,59.0,62,20,14.99
508,Pachora,IN,2020-05-23 00:24:03,20.67,75.35,80.24,38,0,4.85
509,Albion,US,2020-05-23 00:19:50,42.24,-84.75,66.2,72,40,3.36
510,Preobrazheniye,RU,2020-05-23 00:24:03,42.9,133.91,48.42,88,100,5.01
511,Herre,NO,2020-05-23 00:24:03,59.1,9.57,51.01,100,79,9.17
512,Dolores,AR,2020-05-23 00:24:03,-36.31,-57.68,49.89,76,81,13.98
513,Tiznit,MA,2020-05-23 00:24:04,29.58,-9.5,81.46,27,0,0.65
514,Haines Junction,CA,2020-05-23 00:24:04,60.75,-137.51,59.76,32,100,10.25
515,Dabola,GN,2020-05-23 00:24:04,10.75,-11.12,78.19,75,9,4.43
516,Springbok,ZA,2020-05-23 00:24:04,-29.66,17.89,52.16,60,0,3.0
517,Iringa,TZ,2020-05-23 00:24:04,-7.77,35.7,57.2,82,5,4.7
518,Stara Vyzhivka,UA,2020-05-23 00:24:04,51.44,24.44,38.77,92,26,6.08
519,Kukushtan,RU,2020-05-23 00:24:05,57.65,56.5,41.0,86,2,8.95
520,Otane,NZ,2020-05-23 00:24:05,-39.88,176.63,57.99,64,0,3.36
521,Roald,NO,2020-05-23 00:24:05,62.58,6.13,55.4,50,67,12.75
522,Rawson,AR,2020-05-23 00:22:47,-43.3,-65.1,54.39,37,18,16.98
523,Te Anau,NZ,2020-05-23 00:24:05,-45.42,167.72,51.17,63,86,1.23
524,Qaqortoq,GL,2020-05-23 00:24:05,60.72,-46.03,51.8,29,100,12.75
525,Cumberland,US,2020-05-23 00:24:06,35.05,-78.87,66.2,88,75,6.93
526,La Palma,US,2020-05-23 00:24:06,33.85,-118.05,73.99,49,1,10.29
527,Kasongo,CD,2020-05-23 00:24:06,-4.45,26.67,69.89,84,26,3.29
528,Lotofaga,WS,2020-05-23 00:24:06,-13.98,-171.86,91.4,70,75,10.29
529,San Carlos De Bariloche,AR,2020-05-23 00:24:06,-41.15,-71.31,35.6,74,43,4.7
530,Bar Harbor,US,2020-05-23 00:24:07,44.39,-68.2,69.8,43,1,10.29
531,Itamarandiba,BR,2020-05-23 00:24:07,-17.86,-42.86,60.49,97,67,2.19
532,Arica,CL,2020-05-23 00:24:03,-18.48,-70.3,62.6,77,34,5.82
533,Bongandanga,CD,2020-05-23 00:24:07,1.5,21.05,71.89,97,83,0.34
534,Riyadh,SA,2020-05-23 00:19:30,24.69,46.72,77.0,22,0,3.36
535,Stokmarknes,NO,2020-05-23 00:24:07,68.56,14.91,50.0,46,70,4.7
536,Halifax,CA,2020-05-23 00:20:25,44.65,-63.57,63.0,36,71,5.01
537,Altena,DE,2020-05-23 00:24:08,51.3,7.67,60.01,92,99,5.84
538,Bouna,CI,2020-05-23 00:24:08,9.27,-3.0,76.57,80,4,5.88
539,Ibra,OM,2020-05-23 00:24:08,22.69,58.53,75.63,84,6,2.35
540,Nicoya,CR,2020-05-23 00:24:08,10.15,-85.45,84.2,74,40,4.7
541,Sioux Lookout,CA,2020-05-23 00:24:08,50.1,-91.92,69.8,56,90,4.7
542,Mchinji,MW,2020-05-23 00:24:09,-13.8,32.88,53.1,90,0,3.02
543,Kumbhraj,IN,2020-05-23 00:24:09,24.37,77.05,81.21,22,0,7.27
544,Shitanjing,CN,2020-05-23 00:24:09,39.23,106.34,55.13,40,51,13.35
545,Brandfort,ZA,2020-05-23 00:24:09,-28.7,26.46,37.4,86,0,5.55
546,Pemagatsel,BT,2020-05-23 00:24:09,27.03,91.43,59.29,100,100,2.15
547,Richards Bay,ZA,2020-05-23 00:24:10,-28.78,32.04,64.72,93,2,4.97
548,Lakes Entrance,AU,2020-05-23 00:24:10,-37.88,147.98,52.0,77,100,1.99
549,Ondjiva,AO,2020-05-23 00:24:10,-17.07,15.73,59.02,44,0,8.5
550,Oranjemund,NA,2020-05-23 00:24:10,-28.55,16.43,56.48,87,0,10.4
551,Mikkeli,FI,2020-05-23 00:24:10,61.69,27.27,37.0,86,0,3.33
552,Pathein,MM,2020-05-23 00:22:38,16.78,94.73,82.13,81,96,3.67
553,Kyshtovka,RU,2020-05-23 00:24:11,56.55,76.63,55.54,68,95,7.4
554,Jalu,LY,2020-05-23 00:24:11,29.03,21.55,72.12,51,34,15.93
555,Bad Kreuznach,DE,2020-05-23 00:24:11,49.83,7.87,64.0,78,100,5.01
556,Yenagoa,NG,2020-05-23 00:24:11,4.92,6.26,77.27,94,100,3.06
557,Belmonte,BR,2020-05-23 00:24:11,-15.86,-38.88,73.4,94,75,2.24
558,Coahuayana,MX,2020-05-23 00:24:12,18.73,-103.68,82.4,54,20,11.41
559,Wanaka,NZ,2020-05-23 00:24:12,-44.7,169.15,51.01,79,97,1.99
560,Mecca,SA,2020-05-23 00:24:12,21.43,39.83,88.84,18,0,4.16
561,Marsaxlokk,MT,2020-05-23 00:24:12,35.84,14.54,66.0,88,0,5.82
562,Sulechow,PL,2020-05-23 00:24:12,52.08,15.63,52.0,40,100,10.16
563,Toamasina,MG,2020-05-23 00:24:12,-18.17,49.38,69.8,94,75,9.17
564,Magdagachi,RU,2020-05-23 00:24:13,53.45,125.8,57.43,46,83,6.35
565,Launceston,AU,2020-05-23 00:24:13,-41.45,147.17,45.0,93,0,9.17
566,Aldan,RU,2020-05-23 00:24:13,58.6,125.39,41.4,69,64,8.28
567,Laguna,US,2020-05-23 00:24:13,38.42,-121.42,80.6,12,1,13.87
568,Matara,LK,2020-05-23 00:24:13,5.95,80.54,79.41,90,48,8.19
569,Hirosaki,JP,2020-05-23 00:24:13,40.59,140.47,55.99,93,75,6.93
570,Seymchan,RU,2020-05-23 00:24:14,62.88,152.43,43.75,57,17,12.88
571,Coffs Harbour,AU,2020-05-23 00:22:56,-30.3,153.13,59.0,58,65,8.05
572,Yangambi,CD,2020-05-23 00:24:14,0.81,24.43,70.32,98,32,0.29
573,Dodola,ET,2020-05-23 00:24:14,6.98,39.18,52.39,90,68,1.16
574,Grand Gaube,MU,2020-05-23 00:24:14,-20.01,57.66,73.0,73,25,10.0
575,Oriximina,BR,2020-05-23 00:24:15,-1.77,-55.87,78.28,91,74,4.03
576,Gamba,GA,2020-05-23 00:24:15,-2.65,10.0,77.54,90,32,1.86
577,Yar-Sale,RU,2020-05-23 00:24:15,66.83,70.83,54.05,65,14,13.56
578,Porirua,NZ,2020-05-23 00:24:15,-41.13,174.85,60.01,73,29,4.0
579,Kudahuvadhoo,MV,2020-05-23 00:24:15,2.67,72.89,83.97,77,100,15.99
